sku,title,category,gender,price_inr,description,tagline,image_file
15970,Stylish Topwear,Topwear,Men,1660,"A stylish topwear piece from our Apparel range, made for everyday men's wear. Made with quality materials for lasting comfort.","Quality fabric, all-day comfort",images/15970.jpg
39386,Versatile Bottomwear,Bottomwear,Men,1720,This men's bottomwear is a versatile addition to your wardrobe. Finished with clean detailing and a modern cut.,"Clean detailing, modern cut",images/39386.jpg
21379,Stylish Bottomwear,Bottomwear,Men,1170,"A stylish bottomwear piece from our Apparel range, made for everyday men's wear. Designed to layer well with other wardrobe staples.",Layers effortlessly with your staples,images/21379.jpg
53759,Everyday Essential Topwear,Topwear,Men,530,An everyday topwear that pairs easily with the rest of your men's wardrobe. A dependable pick for regular rotation.,A dependable everyday pick,images/53759.jpg
1855,Stylish Topwear,Topwear,Men,410,"A stylish topwear piece from our Apparel range, made for everyday men's wear. Made with quality materials for lasting comfort.","Quality fabric, all-day comfort",images/1855.jpg
30805,Versatile Topwear,Topwear,Men,800,This men's topwear is a versatile addition to your wardrobe. Designed to layer well with other wardrobe staples.,Layers effortlessly with your staples,images/30805.jpg
26960,Stylish Topwear,Topwear,Women,1580,"A stylish topwear piece from our Apparel range, made for everyday women's wear. Designed to layer well with other wardrobe staples.",Layers effortlessly with your staples,images/26960.jpg
12369,Everyday Essential Topwear,Topwear,Men,760,An everyday topwear that pairs easily with the rest of your men's wardrobe. A dependable pick for regular rotation.,A dependable everyday pick,images/12369.jpg
13089,Well-Fitted Topwear,Topwear,Men,800,"A well-fitted topwear designed for comfort, from our men's collection. Designed to layer well with other wardrobe staples.",Layers effortlessly with your staples,images/13089.jpg
7990,Stylish Topwear,Topwear,Men,920,"A stylish topwear piece from our Apparel range, made for everyday men's wear. Finished with clean detailing and a modern cut.","Clean detailing, modern cut",images/7990.jpg
37812,Well-Fitted Topwear,Topwear,Men,1780,"A well-fitted topwear designed for comfort, from our men's collection. Easy to style and easy to care for.","Easy to style, easy to care for",images/37812.jpg
56825,Versatile Topwear,Topwear,Men,920,This men's topwear is a versatile addition to your wardrobe. Finished with clean detailing and a modern cut.,"Clean detailing, modern cut",images/56825.jpg
20099,Stylish Topwear,Topwear,Women,1040,"A stylish topwear piece from our Apparel range, made for everyday women's wear. Made with quality materials for lasting comfort.","Quality fabric, all-day comfort",images/20099.jpg
3954,Stylish Topwear,Topwear,Women,1130,"A stylish topwear piece from our Apparel range, made for everyday women's wear. Easy to style and easy to care for.","Easy to style, easy to care for",images/3954.jpg
28690,Everyday Essential Topwear,Topwear,Women,1050,An everyday topwear that pairs easily with the rest of your women's wardrobe. Easy to style and easy to care for.,"Easy to style, easy to care for",images/28690.jpg
8580,Well-Fitted Topwear,Topwear,Men,440,"A well-fitted topwear designed for comfort, from our men's collection. Designed to layer well with other wardrobe staples.",Layers effortlessly with your staples,images/8580.jpg
18005,Well-Fitted Bottomwear,Bottomwear,Men,1110,"A well-fitted bottomwear designed for comfort, from our men's collection. Made with quality materials for lasting comfort.","Quality fabric, all-day comfort",images/18005.jpg
45856,Casual & Semi-Formal Topwear,Topwear,Women,1480,"Part of our clothing line, this topwear suits a range of casual and semi-formal occasions. Designed to layer well with other wardrobe staples.",Layers effortlessly with your staples,images/45856.jpg
5891,Everyday Essential Topwear,Topwear,Men,1090,An everyday topwear that pairs easily with the rest of your men's wardrobe. Finished with clean detailing and a modern cut.,"Clean detailing, modern cut",images/5891.jpg
38630,Stylish Topwear,Topwear,Women,1790,"A stylish topwear piece from our Apparel range, made for everyday women's wear. Made with quality materials for lasting comfort.","Quality fabric, all-day comfort",images/38630.jpg
4943,Versatile Topwear,Topwear,Men,1700,This men's topwear is a versatile addition to your wardrobe. Easy to style and easy to care for.,"Easy to style, easy to care for",images/4943.jpg
10866,Versatile Topwear,Topwear,Men,510,This men's topwear is a versatile addition to your wardrobe. Made with quality materials for lasting comfort.,"Quality fabric, all-day comfort",images/10866.jpg
59607,Casual & Semi-Formal Saree,Saree,Women,4010,"Part of our clothing line, this saree suits a range of casual and semi-formal occasions. A dependable pick for regular rotation.",A dependable everyday pick,images/59607.jpg
15528,Casual & Semi-Formal Topwear,Topwear,Men,1650,"Part of our clothing line, this topwear suits a range of casual and semi-formal occasions. Finished with clean detailing and a modern cut.","Clean detailing, modern cut",images/15528.jpg
54924,Casual & Semi-Formal Bottomwear,Bottomwear,Men,2120,"Part of our clothing line, this bottomwear suits a range of casual and semi-formal occasions. Finished with clean detailing and a modern cut.","Clean detailing, modern cut",images/54924.jpg
2288,Casual & Semi-Formal Topwear,Topwear,Women,1720,"Part of our clothing line, this topwear suits a range of casual and semi-formal occasions. Made with quality materials for lasting comfort.","Quality fabric, all-day comfort",images/2288.jpg
23876,Versatile Topwear,Topwear,Men,1600,This men's topwear is a versatile addition to your wardrobe. Designed to layer well with other wardrobe staples.,Layers effortlessly with your staples,images/23876.jpg
18237,Versatile Topwear,Topwear,Men,850,This men's topwear is a versatile addition to your wardrobe. A dependable pick for regular rotation.,A dependable everyday pick,images/18237.jpg
49653,Casual & Semi-Formal Topwear,Topwear,Women,1130,"Part of our clothing line, this topwear suits a range of casual and semi-formal occasions. Designed to layer well with other wardrobe staples.",Layers effortlessly with your staples,images/49653.jpg
13419,Casual & Semi-Formal Topwear,Topwear,Men,800,"Part of our clothing line, this topwear suits a range of casual and semi-formal occasions. Made with quality materials for lasting comfort.","Quality fabric, all-day comfort",images/13419.jpg
58513,Stylish Topwear,Topwear,Women,820,"A stylish topwear piece from our Apparel range, made for everyday women's wear. Easy to style and easy to care for.","Easy to style, easy to care for",images/58513.jpg
5865,Casual & Semi-Formal Topwear,Topwear,Men,1170,"Part of our clothing line, this topwear suits a range of casual and semi-formal occasions. Made with quality materials for lasting comfort.","Quality fabric, all-day comfort",images/5865.jpg
39716,Everyday Essential Dress,Dress,Women,1660,An everyday dress that pairs easily with the rest of your women's wardrobe. Easy to style and easy to care for.,"Easy to style, easy to care for",images/39716.jpg
29584,Well-Fitted Topwear,Topwear,Men,780,"A well-fitted topwear designed for comfort, from our men's collection. A dependable pick for regular rotation.",A dependable everyday pick,images/29584.jpg
28456,Versatile Bottomwear,Bottomwear,Women,2480,This women's bottomwear is a versatile addition to your wardrobe. Easy to style and easy to care for.,"Easy to style, easy to care for",images/28456.jpg
9694,Versatile Topwear,Topwear,Men,630,This men's topwear is a versatile addition to your wardrobe. Designed to layer well with other wardrobe staples.,Layers effortlessly with your staples,images/9694.jpg
15984,Casual & Semi-Formal Topwear,Topwear,Men,1450,"Part of our clothing line, this topwear suits a range of casual and semi-formal occasions. Designed to layer well with other wardrobe staples.",Layers effortlessly with your staples,images/15984.jpg
59297,Everyday Essential Topwear,Topwear,Men,1230,An everyday topwear that pairs easily with the rest of your men's wardrobe. A dependable pick for regular rotation.,A dependable everyday pick,images/59297.jpg
27846,Versatile Topwear,Topwear,Women,1090,This women's topwear is a versatile addition to your wardrobe. Finished with clean detailing and a modern cut.,"Clean detailing, modern cut",images/27846.jpg
26994,Well-Fitted Bottomwear,Bottomwear,Women,2690,"A well-fitted bottomwear designed for comfort, from our women's collection. Made with quality materials for lasting comfort.","Quality fabric, all-day comfort",images/26994.jpg
54588,Stylish Topwear,Topwear,Women,440,"A stylish topwear piece from our Apparel range, made for everyday women's wear. Finished with clean detailing and a modern cut.","Clean detailing, modern cut",images/54588.jpg
39140,Well-Fitted Apparel Set,Apparel Set,Women,1450,"A well-fitted apparel set designed for comfort, from our women's collection. Designed to layer well with other wardrobe staples.",Layers effortlessly with your staples,images/39140.jpg
51455,Well-Fitted Topwear,Topwear,Women,480,"A well-fitted topwear designed for comfort, from our women's collection. A dependable pick for regular rotation.",A dependable everyday pick,images/51455.jpg
59638,Well-Fitted Saree,Saree,Women,5780,"A well-fitted saree designed for comfort, from our women's collection. Designed to layer well with other wardrobe staples.",Layers effortlessly with your staples,images/59638.jpg
10257,Everyday Essential Bottomwear,Bottomwear,Men,1630,An everyday bottomwear that pairs easily with the rest of your men's wardrobe. Made with quality materials for lasting comfort.,"Quality fabric, all-day comfort",images/10257.jpg
11385,Stylish Topwear,Topwear,Women,1740,"A stylish topwear piece from our Apparel range, made for everyday women's wear. Designed to layer well with other wardrobe staples.",Layers effortlessly with your staples,images/11385.jpg
31782,Casual & Semi-Formal Topwear,Topwear,Women,900,"Part of our clothing line, this topwear suits a range of casual and semi-formal occasions. Made with quality materials for lasting comfort.","Quality fabric, all-day comfort",images/31782.jpg
32563,Well-Fitted Bottomwear,Bottomwear,Women,1800,"A well-fitted bottomwear designed for comfort, from our women's collection. Finished with clean detailing and a modern cut.","Clean detailing, modern cut",images/32563.jpg
24406,Stylish Topwear,Topwear,Women,1280,"A stylish topwear piece from our Apparel range, made for everyday women's wear. Easy to style and easy to care for.","Easy to style, easy to care for",images/24406.jpg
21174,Versatile Topwear,Topwear,Women,1370,This women's topwear is a versatile addition to your wardrobe. Designed to layer well with other wardrobe staples.,Layers effortlessly with your staples,images/21174.jpg
15341,Casual & Semi-Formal Bottomwear,Bottomwear,Women,1030,"Part of our clothing line, this bottomwear suits a range of casual and semi-formal occasions. Designed to layer well with other wardrobe staples.",Layers effortlessly with your staples,images/15341.jpg
9835,Versatile Topwear,Topwear,Women,1600,This women's topwear is a versatile addition to your wardrobe. Finished with clean detailing and a modern cut.,"Clean detailing, modern cut",images/9835.jpg
7193,Versatile Bottomwear,Bottomwear,Women,2130,This women's bottomwear is a versatile addition to your wardrobe. Designed to layer well with other wardrobe staples.,Layers effortlessly with your staples,images/7193.jpg
27283,Stylish Topwear,Topwear,Women,1440,"A stylish topwear piece from our Apparel range, made for everyday women's wear. Designed to layer well with other wardrobe staples.",Layers effortlessly with your staples,images/27283.jpg
12164,Well-Fitted Topwear,Topwear,Women,1010,"A well-fitted topwear designed for comfort, from our women's collection. Made with quality materials for lasting comfort.","Quality fabric, all-day comfort",images/12164.jpg
17624,Casual & Semi-Formal Bottomwear,Bottomwear,Men,1060,"Part of our clothing line, this bottomwear suits a range of casual and semi-formal occasions. Easy to style and easy to care for.","Easy to style, easy to care for",images/17624.jpg
13284,Stylish Bottomwear,Bottomwear,Men,1580,"A stylish bottomwear piece from our Apparel range, made for everyday men's wear. Finished with clean detailing and a modern cut.","Clean detailing, modern cut",images/13284.jpg
3701,Stylish Topwear,Topwear,Women,1510,"A stylish topwear piece from our Apparel range, made for everyday women's wear. Made with quality materials for lasting comfort.","Quality fabric, all-day comfort",images/3701.jpg
42426,Stylish Topwear,Topwear,Women,1340,"A stylish topwear piece from our Apparel range, made for everyday women's wear. Designed to layer well with other wardrobe staples.",Layers effortlessly with your staples,images/42426.jpg
10401,Versatile Topwear,Topwear,Women,610,This women's topwear is a versatile addition to your wardrobe. A dependable pick for regular rotation.,A dependable everyday pick,images/10401.jpg
40371,Casual & Semi-Formal Bottomwear,Bottomwear,Women,1280,"Part of our clothing line, this bottomwear suits a range of casual and semi-formal occasions. Designed to layer well with other wardrobe staples.",Layers effortlessly with your staples,images/40371.jpg
56684,Well-Fitted Saree,Saree,Women,5870,"A well-fitted saree designed for comfort, from our women's collection. Finished with clean detailing and a modern cut.","Clean detailing, modern cut",images/56684.jpg
4988,Versatile Dress,Dress,Women,3010,This women's dress is a versatile addition to your wardrobe. Easy to style and easy to care for.,"Easy to style, easy to care for",images/4988.jpg
16508,Casual & Semi-Formal Bottomwear,Bottomwear,Men,2230,"Part of our clothing line, this bottomwear suits a range of casual and semi-formal occasions. A dependable pick for regular rotation.",A dependable everyday pick,images/16508.jpg
39147,Well-Fitted Apparel Set,Apparel Set,Women,2920,"A well-fitted apparel set designed for comfort, from our women's collection. Made with quality materials for lasting comfort.","Quality fabric, all-day comfort",images/39147.jpg
57138,Versatile Bottomwear,Bottomwear,Women,1610,This women's bottomwear is a versatile addition to your wardrobe. Made with quality materials for lasting comfort.,"Quality fabric, all-day comfort",images/57138.jpg
26993,Stylish Bottomwear,Bottomwear,Women,1980,"A stylish bottomwear piece from our Apparel range, made for everyday women's wear. Designed to layer well with other wardrobe staples.",Layers effortlessly with your staples,images/26993.jpg
13248,Everyday Essential Bottomwear,Bottomwear,Men,1540,An everyday bottomwear that pairs easily with the rest of your men's wardrobe. Finished with clean detailing and a modern cut.,"Clean detailing, modern cut",images/13248.jpg
51499,Stylish Bottomwear,Bottomwear,Women,630,"A stylish bottomwear piece from our Apparel range, made for everyday women's wear. Made with quality materials for lasting comfort.","Quality fabric, all-day comfort",images/51499.jpg
28451,Stylish Bottomwear,Bottomwear,Women,1540,"A stylish bottomwear piece from our Apparel range, made for everyday women's wear. Made with quality materials for lasting comfort.","Quality fabric, all-day comfort",images/28451.jpg
49654,Stylish Bottomwear,Bottomwear,Women,1950,"A stylish bottomwear piece from our Apparel range, made for everyday women's wear. Designed to layer well with other wardrobe staples.",Layers effortlessly with your staples,images/49654.jpg
11349,Casual & Semi-Formal Bottomwear,Bottomwear,Men,1570,"Part of our clothing line, this bottomwear suits a range of casual and semi-formal occasions. A dependable pick for regular rotation.",A dependable everyday pick,images/11349.jpg
59600,Everyday Essential Saree,Saree,Women,2650,An everyday saree that pairs easily with the rest of your women's wardrobe. Finished with clean detailing and a modern cut.,"Clean detailing, modern cut",images/59600.jpg
16198,Versatile Bottomwear,Bottomwear,Men,2540,This men's bottomwear is a versatile addition to your wardrobe. A dependable pick for regular rotation.,A dependable everyday pick,images/16198.jpg
12538,Versatile Bottomwear,Bottomwear,Men,2270,This men's bottomwear is a versatile addition to your wardrobe. Made with quality materials for lasting comfort.,"Quality fabric, all-day comfort",images/12538.jpg
18002,Well-Fitted Bottomwear,Bottomwear,Women,1000,"A well-fitted bottomwear designed for comfort, from our women's collection. Easy to style and easy to care for.","Easy to style, easy to care for",images/18002.jpg
32903,Well-Fitted Bottomwear,Bottomwear,Women,2330,"A well-fitted bottomwear designed for comfort, from our women's collection. A dependable pick for regular rotation.",A dependable everyday pick,images/32903.jpg
56822,Stylish Bottomwear,Bottomwear,Men,820,"A stylish bottomwear piece from our Apparel range, made for everyday men's wear. Made with quality materials for lasting comfort.","Quality fabric, all-day comfort",images/56822.jpg
39381,Casual & Semi-Formal Bottomwear,Bottomwear,Men,2250,"Part of our clothing line, this bottomwear suits a range of casual and semi-formal occasions. Made with quality materials for lasting comfort.","Quality fabric, all-day comfort",images/39381.jpg
34203,Versatile Bottomwear,Bottomwear,Men,1620,This men's bottomwear is a versatile addition to your wardrobe. Finished with clean detailing and a modern cut.,"Clean detailing, modern cut",images/34203.jpg
27614,Well-Fitted Bottomwear,Bottomwear,Men,2800,"A well-fitted bottomwear designed for comfort, from our men's collection. Finished with clean detailing and a modern cut.","Clean detailing, modern cut",images/27614.jpg
27426,Versatile Bottomwear,Bottomwear,Women,2330,This women's bottomwear is a versatile addition to your wardrobe. Easy to style and easy to care for.,"Easy to style, easy to care for",images/27426.jpg
11520,Versatile Bottomwear,Bottomwear,Women,2490,This women's bottomwear is a versatile addition to your wardrobe. Made with quality materials for lasting comfort.,"Quality fabric, all-day comfort",images/11520.jpg
32590,Everyday Essential Bottomwear,Bottomwear,Women,2410,An everyday bottomwear that pairs easily with the rest of your women's wardrobe. Made with quality materials for lasting comfort.,"Quality fabric, all-day comfort",images/32590.jpg
17623,Everyday Essential Bottomwear,Bottomwear,Men,810,An everyday bottomwear that pairs easily with the rest of your men's wardrobe. Made with quality materials for lasting comfort.,"Quality fabric, all-day comfort",images/17623.jpg
26164,Versatile Bottomwear,Bottomwear,Men,980,This men's bottomwear is a versatile addition to your wardrobe. Finished with clean detailing and a modern cut.,"Clean detailing, modern cut",images/26164.jpg
10406,Well-Fitted Dress,Dress,Women,2460,"A well-fitted dress designed for comfort, from our women's collection. A dependable pick for regular rotation.",A dependable everyday pick,images/10406.jpg
32564,Well-Fitted Bottomwear,Bottomwear,Women,1470,"A well-fitted bottomwear designed for comfort, from our women's collection. Made with quality materials for lasting comfort.","Quality fabric, all-day comfort",images/32564.jpg
12163,Well-Fitted Bottomwear,Bottomwear,Women,1270,"A well-fitted bottomwear designed for comfort, from our women's collection. Made with quality materials for lasting comfort.","Quality fabric, all-day comfort",images/12163.jpg
1607,Casual & Semi-Formal Bottomwear,Bottomwear,Men,2200,"Part of our clothing line, this bottomwear suits a range of casual and semi-formal occasions. A dependable pick for regular rotation.",A dependable everyday pick,images/1607.jpg
23072,Well-Fitted Bottomwear,Bottomwear,Men,1770,"A well-fitted bottomwear designed for comfort, from our men's collection. Designed to layer well with other wardrobe staples.",Layers effortlessly with your staples,images/23072.jpg
16368,Versatile Bottomwear,Bottomwear,Men,2590,This men's bottomwear is a versatile addition to your wardrobe. Finished with clean detailing and a modern cut.,"Clean detailing, modern cut",images/16368.jpg
6873,Versatile Dress,Dress,Women,2010,This women's dress is a versatile addition to your wardrobe. Made with quality materials for lasting comfort.,"Quality fabric, all-day comfort",images/6873.jpg
59636,Everyday Essential Saree,Saree,Women,5640,An everyday saree that pairs easily with the rest of your women's wardrobe. Made with quality materials for lasting comfort.,"Quality fabric, all-day comfort",images/59636.jpg
46271,Stylish Dress,Dress,Women,2080,"A stylish dress piece from our Apparel range, made for everyday women's wear. Made with quality materials for lasting comfort.","Quality fabric, all-day comfort",images/46271.jpg
59897,Well-Fitted Dress,Dress,Women,3190,"A well-fitted dress designed for comfort, from our women's collection. Designed to layer well with other wardrobe staples.",Layers effortlessly with your staples,images/59897.jpg
27622,Versatile Bottomwear,Bottomwear,Men,2770,This men's bottomwear is a versatile addition to your wardrobe. Made with quality materials for lasting comfort.,"Quality fabric, all-day comfort",images/27622.jpg
28458,Stylish Bottomwear,Bottomwear,Women,2680,"A stylish bottomwear piece from our Apparel range, made for everyday women's wear. Finished with clean detailing and a modern cut.","Clean detailing, modern cut",images/28458.jpg
59609,Everyday Essential Saree,Saree,Women,1460,An everyday saree that pairs easily with the rest of your women's wardrobe. Made with quality materials for lasting comfort.,"Quality fabric, all-day comfort",images/59609.jpg
23044,Well-Fitted Bottomwear,Bottomwear,Women,1560,"A well-fitted bottomwear designed for comfort, from our women's collection. Made with quality materials for lasting comfort.","Quality fabric, all-day comfort",images/23044.jpg
24605,Everyday Essential Apparel Set,Apparel Set,Women,1810,An everyday apparel set that pairs easily with the rest of your women's wardrobe. Designed to layer well with other wardrobe staples.,Layers effortlessly with your staples,images/24605.jpg
46285,Everyday Essential Dress,Dress,Women,960,An everyday dress that pairs easily with the rest of your women's wardrobe. Made with quality materials for lasting comfort.,"Quality fabric, all-day comfort",images/46285.jpg
12155,Everyday Essential Bottomwear,Bottomwear,Women,2320,An everyday bottomwear that pairs easily with the rest of your women's wardrobe. Designed to layer well with other wardrobe staples.,Layers effortlessly with your staples,images/12155.jpg
59631,Casual & Semi-Formal Saree,Saree,Women,5180,"Part of our clothing line, this saree suits a range of casual and semi-formal occasions. Easy to style and easy to care for.","Easy to style, easy to care for",images/59631.jpg
6874,Casual & Semi-Formal Dress,Dress,Women,1640,"Part of our clothing line, this dress suits a range of casual and semi-formal occasions. Finished with clean detailing and a modern cut.","Clean detailing, modern cut",images/6874.jpg
43509,Well-Fitted Dress,Dress,Women,1890,"A well-fitted dress designed for comfort, from our women's collection. Finished with clean detailing and a modern cut.","Clean detailing, modern cut",images/43509.jpg
25971,Casual & Semi-Formal Dress,Dress,Women,3440,"Part of our clothing line, this dress suits a range of casual and semi-formal occasions. A dependable pick for regular rotation.",A dependable everyday pick,images/25971.jpg
28460,Stylish Bottomwear,Bottomwear,Women,1890,"A stylish bottomwear piece from our Apparel range, made for everyday women's wear. Made with quality materials for lasting comfort.","Quality fabric, all-day comfort",images/28460.jpg
39720,Everyday Essential Dress,Dress,Women,2680,An everyday dress that pairs easily with the rest of your women's wardrobe. Designed to layer well with other wardrobe staples.,Layers effortlessly with your staples,images/39720.jpg
33225,Stylish Dress,Dress,Women,1210,"A stylish dress piece from our Apparel range, made for everyday women's wear. Designed to layer well with other wardrobe staples.",Layers effortlessly with your staples,images/33225.jpg
54713,Everyday Essential Apparel Set,Apparel Set,Women,1670,An everyday apparel set that pairs easily with the rest of your women's wardrobe. Easy to style and easy to care for.,"Easy to style, easy to care for",images/54713.jpg
46010,Casual & Semi-Formal Saree,Saree,Women,1980,"Part of our clothing line, this saree suits a range of casual and semi-formal occasions. Made with quality materials for lasting comfort.","Quality fabric, all-day comfort",images/46010.jpg
59665,Casual & Semi-Formal Saree,Saree,Women,2900,"Part of our clothing line, this saree suits a range of casual and semi-formal occasions. Easy to style and easy to care for.","Easy to style, easy to care for",images/59665.jpg
48525,Well-Fitted Dress,Dress,Women,1440,"A well-fitted dress designed for comfort, from our women's collection. Designed to layer well with other wardrobe staples.",Layers effortlessly with your staples,images/48525.jpg
52883,Casual & Semi-Formal Saree,Saree,Women,6660,"Part of our clothing line, this saree suits a range of casual and semi-formal occasions. Designed to layer well with other wardrobe staples.",Layers effortlessly with your staples,images/52883.jpg
57995,Everyday Essential Dress,Dress,Women,3480,An everyday dress that pairs easily with the rest of your women's wardrobe. Made with quality materials for lasting comfort.,"Quality fabric, all-day comfort",images/57995.jpg
38838,Casual & Semi-Formal Dress,Dress,Women,3070,"Part of our clothing line, this dress suits a range of casual and semi-formal occasions. Made with quality materials for lasting comfort.","Quality fabric, all-day comfort",images/38838.jpg
21915,Casual & Semi-Formal Apparel Set,Apparel Set,Women,1350,"Part of our clothing line, this apparel set suits a range of casual and semi-formal occasions. Made with quality materials for lasting comfort.","Quality fabric, all-day comfort",images/21915.jpg
25589,Everyday Essential Apparel Set,Apparel Set,Women,1240,An everyday apparel set that pairs easily with the rest of your women's wardrobe. Finished with clean detailing and a modern cut.,"Clean detailing, modern cut",images/25589.jpg
57961,Casual & Semi-Formal Saree,Saree,Women,3130,"Part of our clothing line, this saree suits a range of casual and semi-formal occasions. Designed to layer well with other wardrobe staples.",Layers effortlessly with your staples,images/57961.jpg
49631,Casual & Semi-Formal Dress,Dress,Women,1660,"Part of our clothing line, this dress suits a range of casual and semi-formal occasions. Finished with clean detailing and a modern cut.","Clean detailing, modern cut",images/49631.jpg
52877,Casual & Semi-Formal Saree,Saree,Women,6530,"Part of our clothing line, this saree suits a range of casual and semi-formal occasions. Designed to layer well with other wardrobe staples.",Layers effortlessly with your staples,images/52877.jpg
57959,Casual & Semi-Formal Saree,Saree,Women,4900,"Part of our clothing line, this saree suits a range of casual and semi-formal occasions. Made with quality materials for lasting comfort.","Quality fabric, all-day comfort",images/57959.jpg
18897,Well-Fitted Dress,Dress,Women,1180,"A well-fitted dress designed for comfort, from our women's collection. Easy to style and easy to care for.","Easy to style, easy to care for",images/18897.jpg
54714,Stylish Apparel Set,Apparel Set,Women,980,"A stylish apparel set piece from our Apparel range, made for everyday women's wear. Easy to style and easy to care for.","Easy to style, easy to care for",images/54714.jpg
57966,Casual & Semi-Formal Saree,Saree,Women,1970,"Part of our clothing line, this saree suits a range of casual and semi-formal occasions. Finished with clean detailing and a modern cut.","Clean detailing, modern cut",images/57966.jpg
21912,Everyday Essential Apparel Set,Apparel Set,Women,2610,An everyday apparel set that pairs easily with the rest of your women's wardrobe. A dependable pick for regular rotation.,A dependable everyday pick,images/21912.jpg
52884,Stylish Saree,Saree,Women,5490,"A stylish saree piece from our Apparel range, made for everyday women's wear. Made with quality materials for lasting comfort.","Quality fabric, all-day comfort",images/52884.jpg
59662,Versatile Saree,Saree,Women,1520,This women's saree is a versatile addition to your wardrobe. Designed to layer well with other wardrobe staples.,Layers effortlessly with your staples,images/59662.jpg
48522,Casual & Semi-Formal Dress,Dress,Women,950,"Part of our clothing line, this dress suits a range of casual and semi-formal occasions. Designed to layer well with other wardrobe staples.",Layers effortlessly with your staples,images/48522.jpg
52879,Versatile Saree,Saree,Women,5420,This women's saree is a versatile addition to your wardrobe. A dependable pick for regular rotation.,A dependable everyday pick,images/52879.jpg
27224,Stylish Dress,Dress,Women,1320,"A stylish dress piece from our Apparel range, made for everyday women's wear. Easy to style and easy to care for.","Easy to style, easy to care for",images/27224.jpg
7306,Stylish Dress,Dress,Women,2290,"A stylish dress piece from our Apparel range, made for everyday women's wear. Easy to style and easy to care for.","Easy to style, easy to care for",images/7306.jpg
54722,Versatile Apparel Set,Apparel Set,Women,1660,This women's apparel set is a versatile addition to your wardrobe. Made with quality materials for lasting comfort.,"Quality fabric, all-day comfort",images/54722.jpg
38836,Everyday Essential Dress,Dress,Women,2250,An everyday dress that pairs easily with the rest of your women's wardrobe. A dependable pick for regular rotation.,A dependable everyday pick,images/38836.jpg
25587,Versatile Apparel Set,Apparel Set,Women,1430,This women's apparel set is a versatile addition to your wardrobe. Finished with clean detailing and a modern cut.,"Clean detailing, modern cut",images/25587.jpg
59654,Well-Fitted Saree,Saree,Women,2350,"A well-fitted saree designed for comfort, from our women's collection. Made with quality materials for lasting comfort.","Quality fabric, all-day comfort",images/59654.jpg
21924,Casual & Semi-Formal Apparel Set,Apparel Set,Women,1530,"Part of our clothing line, this apparel set suits a range of casual and semi-formal occasions. A dependable pick for regular rotation.",A dependable everyday pick,images/21924.jpg
27223,Casual & Semi-Formal Dress,Dress,Women,1820,"Part of our clothing line, this dress suits a range of casual and semi-formal occasions. Finished with clean detailing and a modern cut.","Clean detailing, modern cut",images/27223.jpg
57968,Stylish Saree,Saree,Women,6640,"A stylish saree piece from our Apparel range, made for everyday women's wear. A dependable pick for regular rotation.",A dependable everyday pick,images/57968.jpg
59653,Well-Fitted Saree,Saree,Women,1220,"A well-fitted saree designed for comfort, from our women's collection. Finished with clean detailing and a modern cut.","Clean detailing, modern cut",images/59653.jpg
57957,Well-Fitted Saree,Saree,Women,2530,"A well-fitted saree designed for comfort, from our women's collection. Easy to style and easy to care for.","Easy to style, easy to care for",images/57957.jpg
59630,Versatile Saree,Saree,Women,3400,This women's saree is a versatile addition to your wardrobe. Finished with clean detailing and a modern cut.,"Clean detailing, modern cut",images/59630.jpg
39146,Versatile Apparel Set,Apparel Set,Women,900,This women's apparel set is a versatile addition to your wardrobe. A dependable pick for regular rotation.,A dependable everyday pick,images/39146.jpg
39141,Casual & Semi-Formal Apparel Set,Apparel Set,Women,2140,"Part of our clothing line, this apparel set suits a range of casual and semi-formal occasions. Made with quality materials for lasting comfort.","Quality fabric, all-day comfort",images/39141.jpg
54724,Casual & Semi-Formal Apparel Set,Apparel Set,Women,1940,"Part of our clothing line, this apparel set suits a range of casual and semi-formal occasions. Designed to layer well with other wardrobe staples.",Layers effortlessly with your staples,images/54724.jpg
21922,Everyday Essential Apparel Set,Apparel Set,Women,2440,An everyday apparel set that pairs easily with the rest of your women's wardrobe. Easy to style and easy to care for.,"Easy to style, easy to care for",images/21922.jpg
54723,Stylish Apparel Set,Apparel Set,Women,910,"A stylish apparel set piece from our Apparel range, made for everyday women's wear. Easy to style and easy to care for.","Easy to style, easy to care for",images/54723.jpg
54715,Everyday Essential Apparel Set,Apparel Set,Women,1530,An everyday apparel set that pairs easily with the rest of your women's wardrobe. Easy to style and easy to care for.,"Easy to style, easy to care for",images/54715.jpg
54712,Stylish Apparel Set,Apparel Set,Women,960,"A stylish apparel set piece from our Apparel range, made for everyday women's wear. Designed to layer well with other wardrobe staples.",Layers effortlessly with your staples,images/54712.jpg
